{
  "lvEmployees" : {
    "_id" : "wm-lvEmployees-wm.LiveVariable-1584609297494",
    "name" : "lvEmployees",
    "owner" : "Page",
    "category" : "wm.LiveVariable",
    "dataBinding" : [ ],
    "operation" : "read",
    "dataSet" : [ ],
    "type" : "Employee",
    "isList" : false,
    "saveInPhonegap" : false,
    "maxResults" : 20,
    "designMaxResults" : 10,
    "inFlightBehavior" : "executeLast",
    "startUpdate" : true,
    "autoUpdate" : true,
    "transformationRequired" : false,
    "liveSource" : "HRDBJ",
    "ignoreCase" : true,
    "matchMode" : "startignorecase",
    "orderBy" : "empId asc",
    "propertiesMap" : {
      "columns" : [ {
        "fieldName" : "department",
        "type" : "integer",
        "fullyQualifiedType" : "integer",
        "columnName" : "DEPT_ID",
        "isPrimaryKey" : false,
        "notNull" : false,
        "length" : 0,
        "precision" : 10,
        "generator" : "assigned",
        "isRelated" : true,
        "relatedTableName" : "DEPARTMENT",
        "relatedEntityName" : "Department",
        "relatedColumnName" : "deptId",
        "relatedFieldName" : "department.deptId",
        "isList" : false,
        "targetTable" : "DEPARTMENT",
        "scale" : 0,
        "columns" : [ {
          "fieldName" : "deptId",
          "type" : "integer",
          "fullyQualifiedType" : "integer",
          "columnName" : "DEPT_ID",
          "isPrimaryKey" : true,
          "notNull" : true,
          "length" : 0,
          "precision" : 10,
          "generator" : "identity",
          "isRelated" : false,
          "scale" : 0
        }, {
          "fieldName" : "name",
          "type" : "string",
          "fullyQualifiedType" : "string",
          "columnName" : "NAME",
          "isPrimaryKey" : false,
          "notNull" : false,
          "length" : 255,
          "precision" : 0,
          "generator" : "assigned",
          "isRelated" : false,
          "scale" : 0
        }, {
          "fieldName" : "budget",
          "type" : "integer",
          "fullyQualifiedType" : "integer",
          "columnName" : "BUDGET",
          "isPrimaryKey" : false,
          "notNull" : false,
          "length" : 0,
          "precision" : 10,
          "generator" : "assigned",
          "isRelated" : false,
          "scale" : 0
        }, {
          "fieldName" : "q1",
          "type" : "integer",
          "fullyQualifiedType" : "integer",
          "columnName" : "Q1",
          "isPrimaryKey" : false,
          "notNull" : false,
          "length" : 0,
          "precision" : 10,
          "generator" : "assigned",
          "isRelated" : false,
          "scale" : 0
        }, {
          "fieldName" : "q2",
          "type" : "integer",
          "fullyQualifiedType" : "integer",
          "columnName" : "Q2",
          "isPrimaryKey" : false,
          "notNull" : false,
          "length" : 0,
          "precision" : 10,
          "generator" : "assigned",
          "isRelated" : false,
          "scale" : 0
        }, {
          "fieldName" : "q3",
          "type" : "integer",
          "fullyQualifiedType" : "integer",
          "columnName" : "Q3",
          "isPrimaryKey" : false,
          "notNull" : false,
          "length" : 0,
          "precision" : 10,
          "generator" : "assigned",
          "isRelated" : false,
          "scale" : 0
        }, {
          "fieldName" : "q4",
          "type" : "integer",
          "fullyQualifiedType" : "integer",
          "columnName" : "Q4",
          "isPrimaryKey" : false,
          "notNull" : false,
          "length" : 0,
          "precision" : 10,
          "generator" : "assigned",
          "isRelated" : false,
          "scale" : 0
        }, {
          "fieldName" : "deptCode",
          "type" : "string",
          "fullyQualifiedType" : "string",
          "columnName" : "DEPT_CODE",
          "isPrimaryKey" : false,
          "notNull" : false,
          "length" : 20,
          "precision" : 0,
          "generator" : "assigned",
          "isRelated" : false,
          "scale" : 0
        }, {
          "fieldName" : "location",
          "type" : "string",
          "fullyQualifiedType" : "string",
          "columnName" : "LOCATION",
          "isPrimaryKey" : false,
          "notNull" : false,
          "length" : 255,
          "precision" : 0,
          "generator" : "assigned",
          "isRelated" : false,
          "scale" : 0
        }, {
          "fieldName" : "tenantId",
          "type" : "integer",
          "fullyQualifiedType" : "integer",
          "columnName" : "TENANT_ID",
          "isPrimaryKey" : false,
          "notNull" : false,
          "length" : 0,
          "precision" : 10,
          "generator" : "assigned",
          "isRelated" : false,
          "defaultValue" : "1",
          "scale" : 0
        } ]
      }, {
        "fieldName" : "employeeByManagerId",
        "type" : "integer",
        "fullyQualifiedType" : "integer",
        "columnName" : "MANAGER_ID",
        "isPrimaryKey" : false,
        "notNull" : false,
        "length" : 0,
        "precision" : 10,
        "generator" : "assigned",
        "isRelated" : true,
        "relatedTableName" : "EMPLOYEE",
        "relatedEntityName" : "Employee",
        "relatedColumnName" : "managerId",
        "relatedFieldName" : "employeeByManagerId.empId",
        "isList" : false,
        "targetTable" : "EMPLOYEE",
        "scale" : 0,
        "columns" : [ {
          "fieldName" : "department",
          "type" : "integer",
          "fullyQualifiedType" : "integer",
          "columnName" : "DEPT_ID",
          "isPrimaryKey" : false,
          "notNull" : false,
          "length" : 0,
          "precision" : 10,
          "generator" : "assigned",
          "isRelated" : true,
          "relatedTableName" : "DEPARTMENT",
          "relatedEntityName" : "Department",
          "relatedColumnName" : "deptId",
          "relatedFieldName" : "department.deptId",
          "isList" : false,
          "targetTable" : "DEPARTMENT",
          "scale" : 0,
          "columns" : [ {
            "fieldName" : "deptId",
            "type" : "integer",
            "fullyQualifiedType" : "integer",
            "columnName" : "DEPT_ID",
            "isPrimaryKey" : true,
            "notNull" : true,
            "length" : 0,
            "precision" : 10,
            "generator" : "identity",
            "isRelated" : false,
            "scale" : 0
          }, {
            "fieldName" : "name",
            "type" : "string",
            "fullyQualifiedType" : "string",
            "columnName" : "NAME",
            "isPrimaryKey" : false,
            "notNull" : false,
            "length" : 255,
            "precision" : 0,
            "generator" : "assigned",
            "isRelated" : false,
            "scale" : 0
          }, {
            "fieldName" : "budget",
            "type" : "integer",
            "fullyQualifiedType" : "integer",
            "columnName" : "BUDGET",
            "isPrimaryKey" : false,
            "notNull" : false,
            "length" : 0,
            "precision" : 10,
            "generator" : "assigned",
            "isRelated" : false,
            "scale" : 0
          }, {
            "fieldName" : "q1",
            "type" : "integer",
            "fullyQualifiedType" : "integer",
            "columnName" : "Q1",
            "isPrimaryKey" : false,
            "notNull" : false,
            "length" : 0,
            "precision" : 10,
            "generator" : "assigned",
            "isRelated" : false,
            "scale" : 0
          }, {
            "fieldName" : "q2",
            "type" : "integer",
            "fullyQualifiedType" : "integer",
            "columnName" : "Q2",
            "isPrimaryKey" : false,
            "notNull" : false,
            "length" : 0,
            "precision" : 10,
            "generator" : "assigned",
            "isRelated" : false,
            "scale" : 0
          }, {
            "fieldName" : "q3",
            "type" : "integer",
            "fullyQualifiedType" : "integer",
            "columnName" : "Q3",
            "isPrimaryKey" : false,
            "notNull" : false,
            "length" : 0,
            "precision" : 10,
            "generator" : "assigned",
            "isRelated" : false,
            "scale" : 0
          }, {
            "fieldName" : "q4",
            "type" : "integer",
            "fullyQualifiedType" : "integer",
            "columnName" : "Q4",
            "isPrimaryKey" : false,
            "notNull" : false,
            "length" : 0,
            "precision" : 10,
            "generator" : "assigned",
            "isRelated" : false,
            "scale" : 0
          }, {
            "fieldName" : "deptCode",
            "type" : "string",
            "fullyQualifiedType" : "string",
            "columnName" : "DEPT_CODE",
            "isPrimaryKey" : false,
            "notNull" : false,
            "length" : 20,
            "precision" : 0,
            "generator" : "assigned",
            "isRelated" : false,
            "scale" : 0
          }, {
            "fieldName" : "location",
            "type" : "string",
            "fullyQualifiedType" : "string",
            "columnName" : "LOCATION",
            "isPrimaryKey" : false,
            "notNull" : false,
            "length" : 255,
            "precision" : 0,
            "generator" : "assigned",
            "isRelated" : false,
            "scale" : 0
          }, {
            "fieldName" : "tenantId",
            "type" : "integer",
            "fullyQualifiedType" : "integer",
            "columnName" : "TENANT_ID",
            "isPrimaryKey" : false,
            "notNull" : false,
            "length" : 0,
            "precision" : 10,
            "generator" : "assigned",
            "isRelated" : false,
            "defaultValue" : "1",
            "scale" : 0
          } ]
        }, {
          "fieldName" : "employeeByManagerId",
          "type" : "integer",
          "fullyQualifiedType" : "integer",
          "columnName" : "MANAGER_ID",
          "isPrimaryKey" : false,
          "notNull" : false,
          "length" : 0,
          "precision" : 10,
          "generator" : "assigned",
          "isRelated" : true,
          "relatedTableName" : "EMPLOYEE",
          "relatedEntityName" : "Employee",
          "relatedColumnName" : "managerId",
          "targetTable" : "EMPLOYEE",
          "scale" : 0
        }, {
          "fieldName" : "empId",
          "type" : "integer",
          "fullyQualifiedType" : "integer",
          "columnName" : "EMP_ID",
          "isPrimaryKey" : true,
          "notNull" : true,
          "length" : 0,
          "precision" : 10,
          "generator" : "identity",
          "isRelated" : false,
          "scale" : 0
        }, {
          "fieldName" : "firstname",
          "type" : "string",
          "fullyQualifiedType" : "string",
          "columnName" : "FIRSTNAME",
          "isPrimaryKey" : false,
          "notNull" : false,
          "length" : 255,
          "precision" : 0,
          "generator" : "assigned",
          "isRelated" : false,
          "scale" : 0
        }, {
          "fieldName" : "lastname",
          "type" : "string",
          "fullyQualifiedType" : "string",
          "columnName" : "LASTNAME",
          "isPrimaryKey" : false,
          "notNull" : false,
          "length" : 255,
          "precision" : 0,
          "generator" : "assigned",
          "isRelated" : false,
          "scale" : 0
        }, {
          "fieldName" : "street",
          "type" : "string",
          "fullyQualifiedType" : "string",
          "columnName" : "STREET",
          "isPrimaryKey" : false,
          "notNull" : false,
          "length" : 255,
          "precision" : 0,
          "generator" : "assigned",
          "isRelated" : false,
          "scale" : 0
        }, {
          "fieldName" : "city",
          "type" : "string",
          "fullyQualifiedType" : "string",
          "columnName" : "CITY",
          "isPrimaryKey" : false,
          "notNull" : false,
          "length" : 255,
          "precision" : 0,
          "generator" : "assigned",
          "isRelated" : false,
          "scale" : 0
        }, {
          "fieldName" : "state",
          "type" : "string",
          "fullyQualifiedType" : "string",
          "columnName" : "STATE",
          "isPrimaryKey" : false,
          "notNull" : false,
          "length" : 2,
          "precision" : 0,
          "generator" : "assigned",
          "isRelated" : false,
          "scale" : 0
        }, {
          "fieldName" : "zip",
          "type" : "string",
          "fullyQualifiedType" : "string",
          "columnName" : "ZIP",
          "isPrimaryKey" : false,
          "notNull" : false,
          "length" : 255,
          "precision" : 0,
          "generator" : "assigned",
          "isRelated" : false,
          "scale" : 0
        }, {
          "fieldName" : "birthdate",
          "type" : "date",
          "fullyQualifiedType" : "date",
          "columnName" : "BIRTHDATE",
          "isPrimaryKey" : false,
          "notNull" : false,
          "length" : 0,
          "precision" : 0,
          "generator" : "assigned",
          "isRelated" : false,
          "scale" : 0
        }, {
          "fieldName" : "jobTitle",
          "type" : "string",
          "fullyQualifiedType" : "string",
          "columnName" : "JOB_TITLE",
          "isPrimaryKey" : false,
          "notNull" : false,
          "length" : 40,
          "precision" : 0,
          "generator" : "assigned",
          "isRelated" : false,
          "scale" : 0
        }, {
          "fieldName" : "username",
          "type" : "string",
          "fullyQualifiedType" : "string",
          "columnName" : "USERNAME",
          "isPrimaryKey" : false,
          "notNull" : false,
          "length" : 255,
          "precision" : 0,
          "generator" : "assigned",
          "isRelated" : false,
          "scale" : 0
        }, {
          "fieldName" : "password",
          "type" : "string",
          "fullyQualifiedType" : "string",
          "columnName" : "PASSWORD",
          "isPrimaryKey" : false,
          "notNull" : false,
          "length" : 255,
          "precision" : 0,
          "generator" : "assigned",
          "isRelated" : false,
          "scale" : 0
        }, {
          "fieldName" : "role",
          "type" : "string",
          "fullyQualifiedType" : "string",
          "columnName" : "ROLE",
          "isPrimaryKey" : false,
          "notNull" : false,
          "length" : 255,
          "precision" : 0,
          "generator" : "assigned",
          "isRelated" : false,
          "scale" : 0
        }, {
          "fieldName" : "tenantId",
          "type" : "integer",
          "fullyQualifiedType" : "integer",
          "columnName" : "TENANT_ID",
          "isPrimaryKey" : false,
          "notNull" : false,
          "length" : 0,
          "precision" : 10,
          "generator" : "assigned",
          "isRelated" : false,
          "defaultValue" : "1",
          "scale" : 0
        }, {
          "fieldName" : "picurl",
          "type" : "blob",
          "fullyQualifiedType" : "blob",
          "columnName" : "PICURL",
          "isPrimaryKey" : false,
          "notNull" : false,
          "length" : -1,
          "precision" : 0,
          "generator" : "assigned",
          "isRelated" : false,
          "scale" : 0
        }, {
          "fieldName" : "email",
          "type" : "string",
          "fullyQualifiedType" : "string",
          "columnName" : "EMAIL",
          "isPrimaryKey" : false,
          "notNull" : false,
          "length" : 255,
          "precision" : 0,
          "generator" : "assigned",
          "isRelated" : false,
          "scale" : 0
        }, {
          "fieldName" : "phone",
          "type" : "string",
          "fullyQualifiedType" : "string",
          "columnName" : "PHONE",
          "isPrimaryKey" : false,
          "notNull" : false,
          "length" : 255,
          "precision" : 0,
          "generator" : "assigned",
          "isRelated" : false,
          "scale" : 0
        }, {
          "fieldName" : "remainingLeaves",
          "type" : "integer",
          "fullyQualifiedType" : "integer",
          "columnName" : "REMAINING_LEAVES",
          "isPrimaryKey" : false,
          "notNull" : false,
          "length" : 0,
          "precision" : 10,
          "generator" : "assigned",
          "isRelated" : false,
          "defaultValue" : "10",
          "scale" : 0
        } ]
      }, {
        "fieldName" : "empId",
        "type" : "integer",
        "fullyQualifiedType" : "integer",
        "columnName" : "EMP_ID",
        "isPrimaryKey" : true,
        "notNull" : true,
        "length" : 0,
        "precision" : 10,
        "generator" : "identity",
        "isRelated" : false,
        "scale" : 0
      }, {
        "fieldName" : "firstname",
        "type" : "string",
        "fullyQualifiedType" : "string",
        "columnName" : "FIRSTNAME",
        "isPrimaryKey" : false,
        "notNull" : false,
        "length" : 255,
        "precision" : 0,
        "generator" : "assigned",
        "isRelated" : false,
        "scale" : 0
      }, {
        "fieldName" : "lastname",
        "type" : "string",
        "fullyQualifiedType" : "string",
        "columnName" : "LASTNAME",
        "isPrimaryKey" : false,
        "notNull" : false,
        "length" : 255,
        "precision" : 0,
        "generator" : "assigned",
        "isRelated" : false,
        "scale" : 0
      }, {
        "fieldName" : "street",
        "type" : "string",
        "fullyQualifiedType" : "string",
        "columnName" : "STREET",
        "isPrimaryKey" : false,
        "notNull" : false,
        "length" : 255,
        "precision" : 0,
        "generator" : "assigned",
        "isRelated" : false,
        "scale" : 0
      }, {
        "fieldName" : "city",
        "type" : "string",
        "fullyQualifiedType" : "string",
        "columnName" : "CITY",
        "isPrimaryKey" : false,
        "notNull" : false,
        "length" : 255,
        "precision" : 0,
        "generator" : "assigned",
        "isRelated" : false,
        "scale" : 0
      }, {
        "fieldName" : "state",
        "type" : "string",
        "fullyQualifiedType" : "string",
        "columnName" : "STATE",
        "isPrimaryKey" : false,
        "notNull" : false,
        "length" : 2,
        "precision" : 0,
        "generator" : "assigned",
        "isRelated" : false,
        "scale" : 0
      }, {
        "fieldName" : "zip",
        "type" : "string",
        "fullyQualifiedType" : "string",
        "columnName" : "ZIP",
        "isPrimaryKey" : false,
        "notNull" : false,
        "length" : 255,
        "precision" : 0,
        "generator" : "assigned",
        "isRelated" : false,
        "scale" : 0
      }, {
        "fieldName" : "birthdate",
        "type" : "date",
        "fullyQualifiedType" : "date",
        "columnName" : "BIRTHDATE",
        "isPrimaryKey" : false,
        "notNull" : false,
        "length" : 0,
        "precision" : 0,
        "generator" : "assigned",
        "isRelated" : false,
        "scale" : 0
      }, {
        "fieldName" : "jobTitle",
        "type" : "string",
        "fullyQualifiedType" : "string",
        "columnName" : "JOB_TITLE",
        "isPrimaryKey" : false,
        "notNull" : false,
        "length" : 40,
        "precision" : 0,
        "generator" : "assigned",
        "isRelated" : false,
        "scale" : 0
      }, {
        "fieldName" : "username",
        "type" : "string",
        "fullyQualifiedType" : "string",
        "columnName" : "USERNAME",
        "isPrimaryKey" : false,
        "notNull" : false,
        "length" : 255,
        "precision" : 0,
        "generator" : "assigned",
        "isRelated" : false,
        "scale" : 0
      }, {
        "fieldName" : "password",
        "type" : "string",
        "fullyQualifiedType" : "string",
        "columnName" : "PASSWORD",
        "isPrimaryKey" : false,
        "notNull" : false,
        "length" : 255,
        "precision" : 0,
        "generator" : "assigned",
        "isRelated" : false,
        "scale" : 0
      }, {
        "fieldName" : "role",
        "type" : "string",
        "fullyQualifiedType" : "string",
        "columnName" : "ROLE",
        "isPrimaryKey" : false,
        "notNull" : false,
        "length" : 255,
        "precision" : 0,
        "generator" : "assigned",
        "isRelated" : false,
        "scale" : 0
      }, {
        "fieldName" : "tenantId",
        "type" : "integer",
        "fullyQualifiedType" : "integer",
        "columnName" : "TENANT_ID",
        "isPrimaryKey" : false,
        "notNull" : false,
        "length" : 0,
        "precision" : 10,
        "generator" : "assigned",
        "isRelated" : false,
        "defaultValue" : "1",
        "scale" : 0
      }, {
        "fieldName" : "picurl",
        "type" : "blob",
        "fullyQualifiedType" : "blob",
        "columnName" : "PICURL",
        "isPrimaryKey" : false,
        "notNull" : false,
        "length" : -1,
        "precision" : 0,
        "generator" : "assigned",
        "isRelated" : false,
        "scale" : 0
      }, {
        "fieldName" : "email",
        "type" : "string",
        "fullyQualifiedType" : "string",
        "columnName" : "EMAIL",
        "isPrimaryKey" : false,
        "notNull" : false,
        "length" : 255,
        "precision" : 0,
        "generator" : "assigned",
        "isRelated" : false,
        "scale" : 0
      }, {
        "fieldName" : "phone",
        "type" : "string",
        "fullyQualifiedType" : "string",
        "columnName" : "PHONE",
        "isPrimaryKey" : false,
        "notNull" : false,
        "length" : 255,
        "precision" : 0,
        "generator" : "assigned",
        "isRelated" : false,
        "scale" : 0
      }, {
        "fieldName" : "remainingLeaves",
        "type" : "integer",
        "fullyQualifiedType" : "integer",
        "columnName" : "REMAINING_LEAVES",
        "isPrimaryKey" : false,
        "notNull" : false,
        "length" : 0,
        "precision" : 10,
        "generator" : "assigned",
        "isRelated" : false,
        "defaultValue" : "10",
        "scale" : 0
      } ],
      "entityName" : "Employee",
      "fullyQualifiedName" : "com.vacation_management.hrdbj.Employee",
      "tableType" : "TABLE",
      "primaryFields" : [ "empId" ]
    },
    "bindCount" : 6,
    "tableName" : "EMPLOYEE",
    "tableType" : "TABLE",
    "properties" : [ "department", "employeeByManagerId" ],
    "relatedTables" : [ {
      "columnName" : "department",
      "relationName" : "department",
      "type" : "Department",
      "watchOn" : "HRDBJDepartmentData",
      "package" : "com.vacation_management.hrdbj.Employee"
    }, {
      "columnName" : "employeeByManagerId",
      "relationName" : "employeeByManagerId",
      "type" : "Employee",
      "watchOn" : "HRDBJEmployeeData",
      "package" : "com.vacation_management.hrdbj.Employee"
    } ],
    "filterFields" : { },
    "filterExpressions" : { },
    "package" : "com.vacation_management.hrdbj.Employee"
  },
  "svApprovedVacationsCount" : {
    "_id" : "wm-approvedVacationsCount-wm.ServiceVariable-1584607195305",
    "name" : "svApprovedVacationsCount",
    "owner" : "Page",
    "category" : "wm.ServiceVariable",
    "dataBinding" : [ {
      "target" : "q",
      "value" : "status = 'Approved'",
      "type" : "string"
    } ],
    "type" : "integer",
    "service" : "HRDBJ",
    "operation" : "countVacations",
    "operationId" : "VacationController_countVacations",
    "operationType" : "post",
    "serviceType" : "DataService",
    "dataSet" : [ ],
    "isList" : false,
    "maxResults" : 20,
    "startUpdate" : true,
    "autoUpdate" : false,
    "inFlightBehavior" : "executeLast",
    "transformationRequired" : false,
    "saveInPhonegap" : false,
    "controller" : "Vacation"
  },
  "svEmployeeCountByDepartments" : {
    "_id" : "wm-svEmployeeCountByDepartments-wm.ServiceVariable-1584609221324",
    "name" : "svEmployeeCountByDepartments",
    "owner" : "Page",
    "category" : "wm.ServiceVariable",
    "dataBinding" : [ ],
    "type" : "com.vacation_management.hrdbj.models.query.EmployeeCountByDepartmentResponse",
    "service" : "HRDBJ",
    "operation" : "executeEmployeeCountByDepartment",
    "operationId" : "QueryExecutionController_executeEmployeeCountByDepartment",
    "operationType" : "get",
    "serviceType" : "DataService",
    "dataSet" : [ ],
    "isList" : true,
    "maxResults" : 20,
    "startUpdate" : true,
    "autoUpdate" : true,
    "inFlightBehavior" : "executeLast",
    "transformationRequired" : false,
    "saveInPhonegap" : false,
    "controller" : "QueryExecution"
  },
  "svEmployeesCount" : {
    "_id" : "wm-svEmployeesCount-wm.ServiceVariable-1584608298702",
    "name" : "svEmployeesCount",
    "owner" : "Page",
    "category" : "wm.ServiceVariable",
    "dataBinding" : [ ],
    "type" : "integer",
    "service" : "HRDBJ",
    "operation" : "countEmployees",
    "operationId" : "EmployeeController_countEmployees",
    "operationType" : "post",
    "serviceType" : "DataService",
    "dataSet" : [ ],
    "isList" : false,
    "maxResults" : 20,
    "startUpdate" : true,
    "autoUpdate" : false,
    "inFlightBehavior" : "executeLast",
    "transformationRequired" : false,
    "saveInPhonegap" : false,
    "controller" : "Employee"
  },
  "svRejectedVacationCount" : {
    "_id" : "wm-svRejectedVacationCount-wm.ServiceVariable-1584608280362",
    "name" : "svRejectedVacationCount",
    "owner" : "Page",
    "category" : "wm.ServiceVariable",
    "dataBinding" : [ {
      "target" : "q",
      "value" : "status = 'Rejected'",
      "type" : "string"
    } ],
    "type" : "integer",
    "service" : "HRDBJ",
    "operation" : "countVacations",
    "operationId" : "VacationController_countVacations",
    "operationType" : "post",
    "serviceType" : "DataService",
    "dataSet" : [ ],
    "isList" : false,
    "maxResults" : 20,
    "startUpdate" : true,
    "autoUpdate" : false,
    "inFlightBehavior" : "executeLast",
    "transformationRequired" : false,
    "saveInPhonegap" : false,
    "controller" : "Vacation"
  },
  "svVacationsCount" : {
    "_id" : "wm-svVacationsCount-wm.ServiceVariable-1584608223047",
    "name" : "svVacationsCount",
    "owner" : "Page",
    "category" : "wm.ServiceVariable",
    "dataBinding" : [ ],
    "type" : "integer",
    "service" : "HRDBJ",
    "operation" : "countVacations",
    "operationId" : "VacationController_countVacations",
    "operationType" : "post",
    "serviceType" : "DataService",
    "dataSet" : [ ],
    "isList" : false,
    "maxResults" : 20,
    "startUpdate" : true,
    "autoUpdate" : false,
    "inFlightBehavior" : "executeLast",
    "transformationRequired" : false,
    "saveInPhonegap" : false,
    "controller" : "Vacation"
  }
}