{
  "FileServiceUploadFile" : {
    "_id" : "wm-FileServiceUploadFile-wm.ServiceVariable-1585471745182",
    "name" : "FileServiceUploadFile",
    "owner" : "Page",
    "category" : "wm.ServiceVariable",
    "dataBinding" : [ {
      "target" : "files",
      "value" : "bind:Widgets.fileupload1.selectedFiles",
      "type" : "java.lang.String"
    } ],
    "type" : "com.employeemanagement.fileservice.FileService.FileUploadResponse",
    "service" : "FileService",
    "operation" : "uploadFile",
    "operationId" : "FileController_uploadFile",
    "serviceType" : "JavaService",
    "dataSet" : [ ],
    "isList" : false,
    "maxResults" : 20,
    "startUpdate" : false,
    "autoUpdate" : false,
    "inFlightBehavior" : "executeLast",
    "transformationRequired" : false,
    "saveInPhonegap" : false,
    "isDefault" : true,
    "controller" : "File"
  },
  "HrdbEmployeeData" : {
    "_id" : "wm-HrdbEmployeeData-wm.LiveVariable-1585471608731",
    "name" : "HrdbEmployeeData",
    "owner" : "Page",
    "category" : "wm.LiveVariable",
    "dataBinding" : [ ],
    "operation" : "read",
    "dataSet" : [ ],
    "type" : "Employee",
    "isList" : true,
    "saveInPhonegap" : false,
    "maxResults" : 20,
    "designMaxResults" : 10,
    "inFlightBehavior" : "executeLast",
    "startUpdate" : true,
    "autoUpdate" : true,
    "transformationRequired" : false,
    "liveSource" : "hrdb",
    "ignoreCase" : true,
    "matchMode" : "startignorecase",
    "orderBy" : "empId asc",
    "propertiesMap" : {
      "columns" : [ {
        "fieldName" : "department",
        "type" : "integer",
        "fullyQualifiedType" : "integer",
        "columnName" : "DEPT_ID",
        "isPrimaryKey" : false,
        "notNull" : false,
        "length" : 255,
        "precision" : 10,
        "generator" : "assigned",
        "isRelated" : true,
        "relatedTableName" : "DEPARTMENT",
        "relatedEntityName" : "Department",
        "relatedColumnName" : "deptId",
        "relatedFieldName" : "department.deptId",
        "isList" : false,
        "targetTable" : "DEPARTMENT",
        "scale" : 0,
        "columns" : [ {
          "fieldName" : "deptId",
          "type" : "integer",
          "fullyQualifiedType" : "integer",
          "columnName" : "DEPT_ID",
          "isPrimaryKey" : true,
          "notNull" : true,
          "length" : 255,
          "precision" : 10,
          "generator" : "identity",
          "isRelated" : false,
          "scale" : 0
        }, {
          "fieldName" : "name",
          "type" : "string",
          "fullyQualifiedType" : "string",
          "columnName" : "NAME",
          "isPrimaryKey" : false,
          "notNull" : false,
          "length" : 255,
          "precision" : 19,
          "generator" : "assigned",
          "isRelated" : false,
          "scale" : 2
        }, {
          "fieldName" : "budget",
          "type" : "integer",
          "fullyQualifiedType" : "integer",
          "columnName" : "BUDGET",
          "isPrimaryKey" : false,
          "notNull" : false,
          "length" : 255,
          "precision" : 10,
          "generator" : "assigned",
          "isRelated" : false,
          "scale" : 0
        }, {
          "fieldName" : "q1",
          "type" : "integer",
          "fullyQualifiedType" : "integer",
          "columnName" : "Q1",
          "isPrimaryKey" : false,
          "notNull" : false,
          "length" : 255,
          "precision" : 10,
          "generator" : "assigned",
          "isRelated" : false,
          "scale" : 0
        }, {
          "fieldName" : "q2",
          "type" : "integer",
          "fullyQualifiedType" : "integer",
          "columnName" : "Q2",
          "isPrimaryKey" : false,
          "notNull" : false,
          "length" : 255,
          "precision" : 10,
          "generator" : "assigned",
          "isRelated" : false,
          "scale" : 0
        }, {
          "fieldName" : "q3",
          "type" : "integer",
          "fullyQualifiedType" : "integer",
          "columnName" : "Q3",
          "isPrimaryKey" : false,
          "notNull" : false,
          "length" : 255,
          "precision" : 10,
          "generator" : "assigned",
          "isRelated" : false,
          "scale" : 0
        }, {
          "fieldName" : "q4",
          "type" : "integer",
          "fullyQualifiedType" : "integer",
          "columnName" : "Q4",
          "isPrimaryKey" : false,
          "notNull" : false,
          "length" : 255,
          "precision" : 10,
          "generator" : "assigned",
          "isRelated" : false,
          "scale" : 0
        }, {
          "fieldName" : "deptCode",
          "type" : "string",
          "fullyQualifiedType" : "string",
          "columnName" : "DEPT_CODE",
          "isPrimaryKey" : false,
          "notNull" : false,
          "length" : 20,
          "precision" : 19,
          "generator" : "assigned",
          "isRelated" : false,
          "scale" : 2
        }, {
          "fieldName" : "location",
          "type" : "string",
          "fullyQualifiedType" : "string",
          "columnName" : "LOCATION",
          "isPrimaryKey" : false,
          "notNull" : false,
          "length" : 255,
          "precision" : 19,
          "generator" : "assigned",
          "isRelated" : false,
          "scale" : 2
        }, {
          "fieldName" : "tenantId",
          "type" : "integer",
          "fullyQualifiedType" : "integer",
          "columnName" : "TENANT_ID",
          "isPrimaryKey" : false,
          "notNull" : false,
          "length" : 255,
          "precision" : 10,
          "generator" : "assigned",
          "isRelated" : false,
          "scale" : 0
        } ]
      }, {
        "fieldName" : "employeeByManagerId",
        "type" : "integer",
        "fullyQualifiedType" : "integer",
        "columnName" : "MANAGER_ID",
        "isPrimaryKey" : false,
        "notNull" : false,
        "length" : 255,
        "precision" : 10,
        "generator" : "assigned",
        "isRelated" : true,
        "relatedTableName" : "EMPLOYEE",
        "relatedEntityName" : "Employee",
        "relatedColumnName" : "managerId",
        "relatedFieldName" : "employeeByManagerId.empId",
        "isList" : false,
        "targetTable" : "EMPLOYEE",
        "scale" : 0,
        "columns" : [ {
          "fieldName" : "department",
          "type" : "integer",
          "fullyQualifiedType" : "integer",
          "columnName" : "DEPT_ID",
          "isPrimaryKey" : false,
          "notNull" : false,
          "length" : 255,
          "precision" : 10,
          "generator" : "assigned",
          "isRelated" : true,
          "relatedTableName" : "DEPARTMENT",
          "relatedEntityName" : "Department",
          "relatedColumnName" : "deptId",
          "relatedFieldName" : "department.deptId",
          "isList" : false,
          "targetTable" : "DEPARTMENT",
          "scale" : 0,
          "columns" : [ {
            "fieldName" : "deptId",
            "type" : "integer",
            "fullyQualifiedType" : "integer",
            "columnName" : "DEPT_ID",
            "isPrimaryKey" : true,
            "notNull" : true,
            "length" : 255,
            "precision" : 10,
            "generator" : "identity",
            "isRelated" : false,
            "scale" : 0
          }, {
            "fieldName" : "name",
            "type" : "string",
            "fullyQualifiedType" : "string",
            "columnName" : "NAME",
            "isPrimaryKey" : false,
            "notNull" : false,
            "length" : 255,
            "precision" : 19,
            "generator" : "assigned",
            "isRelated" : false,
            "scale" : 2
          }, {
            "fieldName" : "budget",
            "type" : "integer",
            "fullyQualifiedType" : "integer",
            "columnName" : "BUDGET",
            "isPrimaryKey" : false,
            "notNull" : false,
            "length" : 255,
            "precision" : 10,
            "generator" : "assigned",
            "isRelated" : false,
            "scale" : 0
          }, {
            "fieldName" : "q1",
            "type" : "integer",
            "fullyQualifiedType" : "integer",
            "columnName" : "Q1",
            "isPrimaryKey" : false,
            "notNull" : false,
            "length" : 255,
            "precision" : 10,
            "generator" : "assigned",
            "isRelated" : false,
            "scale" : 0
          }, {
            "fieldName" : "q2",
            "type" : "integer",
            "fullyQualifiedType" : "integer",
            "columnName" : "Q2",
            "isPrimaryKey" : false,
            "notNull" : false,
            "length" : 255,
            "precision" : 10,
            "generator" : "assigned",
            "isRelated" : false,
            "scale" : 0
          }, {
            "fieldName" : "q3",
            "type" : "integer",
            "fullyQualifiedType" : "integer",
            "columnName" : "Q3",
            "isPrimaryKey" : false,
            "notNull" : false,
            "length" : 255,
            "precision" : 10,
            "generator" : "assigned",
            "isRelated" : false,
            "scale" : 0
          }, {
            "fieldName" : "q4",
            "type" : "integer",
            "fullyQualifiedType" : "integer",
            "columnName" : "Q4",
            "isPrimaryKey" : false,
            "notNull" : false,
            "length" : 255,
            "precision" : 10,
            "generator" : "assigned",
            "isRelated" : false,
            "scale" : 0
          }, {
            "fieldName" : "deptCode",
            "type" : "string",
            "fullyQualifiedType" : "string",
            "columnName" : "DEPT_CODE",
            "isPrimaryKey" : false,
            "notNull" : false,
            "length" : 20,
            "precision" : 19,
            "generator" : "assigned",
            "isRelated" : false,
            "scale" : 2
          }, {
            "fieldName" : "location",
            "type" : "string",
            "fullyQualifiedType" : "string",
            "columnName" : "LOCATION",
            "isPrimaryKey" : false,
            "notNull" : false,
            "length" : 255,
            "precision" : 19,
            "generator" : "assigned",
            "isRelated" : false,
            "scale" : 2
          }, {
            "fieldName" : "tenantId",
            "type" : "integer",
            "fullyQualifiedType" : "integer",
            "columnName" : "TENANT_ID",
            "isPrimaryKey" : false,
            "notNull" : false,
            "length" : 255,
            "precision" : 10,
            "generator" : "assigned",
            "isRelated" : false,
            "scale" : 0
          } ]
        }, {
          "fieldName" : "employeeByManagerId",
          "type" : "integer",
          "fullyQualifiedType" : "integer",
          "columnName" : "MANAGER_ID",
          "isPrimaryKey" : false,
          "notNull" : false,
          "length" : 255,
          "precision" : 10,
          "generator" : "assigned",
          "isRelated" : true,
          "relatedTableName" : "EMPLOYEE",
          "relatedEntityName" : "Employee",
          "relatedColumnName" : "managerId",
          "targetTable" : "EMPLOYEE",
          "scale" : 0
        }, {
          "fieldName" : "empId",
          "type" : "integer",
          "fullyQualifiedType" : "integer",
          "columnName" : "EMP_ID",
          "isPrimaryKey" : true,
          "notNull" : true,
          "length" : 255,
          "precision" : 10,
          "generator" : "identity",
          "isRelated" : false,
          "scale" : 0
        }, {
          "fieldName" : "firstname",
          "type" : "string",
          "fullyQualifiedType" : "string",
          "columnName" : "FIRSTNAME",
          "isPrimaryKey" : false,
          "notNull" : false,
          "length" : 255,
          "precision" : 19,
          "generator" : "assigned",
          "isRelated" : false,
          "scale" : 2
        }, {
          "fieldName" : "lastname",
          "type" : "string",
          "fullyQualifiedType" : "string",
          "columnName" : "LASTNAME",
          "isPrimaryKey" : false,
          "notNull" : false,
          "length" : 255,
          "precision" : 19,
          "generator" : "assigned",
          "isRelated" : false,
          "scale" : 2
        }, {
          "fieldName" : "street",
          "type" : "string",
          "fullyQualifiedType" : "string",
          "columnName" : "STREET",
          "isPrimaryKey" : false,
          "notNull" : false,
          "length" : 255,
          "precision" : 19,
          "generator" : "assigned",
          "isRelated" : false,
          "scale" : 2
        }, {
          "fieldName" : "city",
          "type" : "string",
          "fullyQualifiedType" : "string",
          "columnName" : "CITY",
          "isPrimaryKey" : false,
          "notNull" : false,
          "length" : 255,
          "precision" : 19,
          "generator" : "assigned",
          "isRelated" : false,
          "scale" : 2
        }, {
          "fieldName" : "state",
          "type" : "string",
          "fullyQualifiedType" : "string",
          "columnName" : "STATE",
          "isPrimaryKey" : false,
          "notNull" : false,
          "length" : 2,
          "precision" : 19,
          "generator" : "assigned",
          "isRelated" : false,
          "scale" : 2
        }, {
          "fieldName" : "zip",
          "type" : "string",
          "fullyQualifiedType" : "string",
          "columnName" : "ZIP",
          "isPrimaryKey" : false,
          "notNull" : false,
          "length" : 255,
          "precision" : 19,
          "generator" : "assigned",
          "isRelated" : false,
          "scale" : 2
        }, {
          "fieldName" : "birthdate",
          "type" : "date",
          "fullyQualifiedType" : "date",
          "columnName" : "BIRTHDATE",
          "isPrimaryKey" : false,
          "notNull" : false,
          "length" : 10,
          "precision" : 19,
          "generator" : "assigned",
          "isRelated" : false,
          "scale" : 2
        }, {
          "fieldName" : "picurl",
          "type" : "string",
          "fullyQualifiedType" : "string",
          "columnName" : "PICURL",
          "isPrimaryKey" : false,
          "notNull" : false,
          "length" : 255,
          "precision" : 19,
          "generator" : "assigned",
          "isRelated" : false,
          "scale" : 2
        }, {
          "fieldName" : "jobTitle",
          "type" : "string",
          "fullyQualifiedType" : "string",
          "columnName" : "JOB_TITLE",
          "isPrimaryKey" : false,
          "notNull" : false,
          "length" : 40,
          "precision" : 19,
          "generator" : "assigned",
          "isRelated" : false,
          "scale" : 2
        }, {
          "fieldName" : "username",
          "type" : "string",
          "fullyQualifiedType" : "string",
          "columnName" : "USERNAME",
          "isPrimaryKey" : false,
          "notNull" : false,
          "length" : 255,
          "precision" : 19,
          "generator" : "assigned",
          "isRelated" : false,
          "scale" : 2
        }, {
          "fieldName" : "password",
          "type" : "string",
          "fullyQualifiedType" : "string",
          "columnName" : "PASSWORD",
          "isPrimaryKey" : false,
          "notNull" : false,
          "length" : 255,
          "precision" : 19,
          "generator" : "assigned",
          "isRelated" : false,
          "scale" : 2
        }, {
          "fieldName" : "role",
          "type" : "string",
          "fullyQualifiedType" : "string",
          "columnName" : "ROLE",
          "isPrimaryKey" : false,
          "notNull" : false,
          "length" : 255,
          "precision" : 19,
          "generator" : "assigned",
          "isRelated" : false,
          "scale" : 2
        }, {
          "fieldName" : "tenantId",
          "type" : "integer",
          "fullyQualifiedType" : "integer",
          "columnName" : "TENANT_ID",
          "isPrimaryKey" : false,
          "notNull" : false,
          "length" : 255,
          "precision" : 10,
          "generator" : "assigned",
          "isRelated" : false,
          "scale" : 0
        } ]
      }, {
        "fieldName" : "empId",
        "type" : "integer",
        "fullyQualifiedType" : "integer",
        "columnName" : "EMP_ID",
        "isPrimaryKey" : true,
        "notNull" : true,
        "length" : 255,
        "precision" : 10,
        "generator" : "identity",
        "isRelated" : false,
        "scale" : 0
      }, {
        "fieldName" : "firstname",
        "type" : "string",
        "fullyQualifiedType" : "string",
        "columnName" : "FIRSTNAME",
        "isPrimaryKey" : false,
        "notNull" : false,
        "length" : 255,
        "precision" : 19,
        "generator" : "assigned",
        "isRelated" : false,
        "scale" : 2
      }, {
        "fieldName" : "lastname",
        "type" : "string",
        "fullyQualifiedType" : "string",
        "columnName" : "LASTNAME",
        "isPrimaryKey" : false,
        "notNull" : false,
        "length" : 255,
        "precision" : 19,
        "generator" : "assigned",
        "isRelated" : false,
        "scale" : 2
      }, {
        "fieldName" : "street",
        "type" : "string",
        "fullyQualifiedType" : "string",
        "columnName" : "STREET",
        "isPrimaryKey" : false,
        "notNull" : false,
        "length" : 255,
        "precision" : 19,
        "generator" : "assigned",
        "isRelated" : false,
        "scale" : 2
      }, {
        "fieldName" : "city",
        "type" : "string",
        "fullyQualifiedType" : "string",
        "columnName" : "CITY",
        "isPrimaryKey" : false,
        "notNull" : false,
        "length" : 255,
        "precision" : 19,
        "generator" : "assigned",
        "isRelated" : false,
        "scale" : 2
      }, {
        "fieldName" : "state",
        "type" : "string",
        "fullyQualifiedType" : "string",
        "columnName" : "STATE",
        "isPrimaryKey" : false,
        "notNull" : false,
        "length" : 2,
        "precision" : 19,
        "generator" : "assigned",
        "isRelated" : false,
        "scale" : 2
      }, {
        "fieldName" : "zip",
        "type" : "string",
        "fullyQualifiedType" : "string",
        "columnName" : "ZIP",
        "isPrimaryKey" : false,
        "notNull" : false,
        "length" : 255,
        "precision" : 19,
        "generator" : "assigned",
        "isRelated" : false,
        "scale" : 2
      }, {
        "fieldName" : "birthdate",
        "type" : "date",
        "fullyQualifiedType" : "date",
        "columnName" : "BIRTHDATE",
        "isPrimaryKey" : false,
        "notNull" : false,
        "length" : 10,
        "precision" : 19,
        "generator" : "assigned",
        "isRelated" : false,
        "scale" : 2
      }, {
        "fieldName" : "picurl",
        "type" : "string",
        "fullyQualifiedType" : "string",
        "columnName" : "PICURL",
        "isPrimaryKey" : false,
        "notNull" : false,
        "length" : 255,
        "precision" : 19,
        "generator" : "assigned",
        "isRelated" : false,
        "scale" : 2
      }, {
        "fieldName" : "jobTitle",
        "type" : "string",
        "fullyQualifiedType" : "string",
        "columnName" : "JOB_TITLE",
        "isPrimaryKey" : false,
        "notNull" : false,
        "length" : 40,
        "precision" : 19,
        "generator" : "assigned",
        "isRelated" : false,
        "scale" : 2
      }, {
        "fieldName" : "username",
        "type" : "string",
        "fullyQualifiedType" : "string",
        "columnName" : "USERNAME",
        "isPrimaryKey" : false,
        "notNull" : false,
        "length" : 255,
        "precision" : 19,
        "generator" : "assigned",
        "isRelated" : false,
        "scale" : 2
      }, {
        "fieldName" : "password",
        "type" : "string",
        "fullyQualifiedType" : "string",
        "columnName" : "PASSWORD",
        "isPrimaryKey" : false,
        "notNull" : false,
        "length" : 255,
        "precision" : 19,
        "generator" : "assigned",
        "isRelated" : false,
        "scale" : 2
      }, {
        "fieldName" : "role",
        "type" : "string",
        "fullyQualifiedType" : "string",
        "columnName" : "ROLE",
        "isPrimaryKey" : false,
        "notNull" : false,
        "length" : 255,
        "precision" : 19,
        "generator" : "assigned",
        "isRelated" : false,
        "scale" : 2
      }, {
        "fieldName" : "tenantId",
        "type" : "integer",
        "fullyQualifiedType" : "integer",
        "columnName" : "TENANT_ID",
        "isPrimaryKey" : false,
        "notNull" : false,
        "length" : 255,
        "precision" : 10,
        "generator" : "assigned",
        "isRelated" : false,
        "scale" : 0
      } ],
      "entityName" : "Employee",
      "fullyQualifiedName" : "com.employeemanagement.hrdb.Employee",
      "tableType" : "TABLE",
      "primaryFields" : [ "empId" ]
    },
    "isDefault" : true,
    "bindCount" : 1,
    "tableName" : "EMPLOYEE",
    "tableType" : "TABLE",
    "properties" : [ "department", "employeeByManagerId" ],
    "relatedTables" : [ {
      "columnName" : "department",
      "relationName" : "department",
      "type" : "Department",
      "watchOn" : "HrdbDepartmentData",
      "package" : "com.employeemanagement.hrdb.Employee"
    }, {
      "columnName" : "employeeByManagerId",
      "relationName" : "employeeByManagerId",
      "type" : "Employee",
      "watchOn" : "HrdbEmployeeData",
      "package" : "com.employeemanagement.hrdb.Employee"
    } ],
    "filterExpressions" : { },
    "package" : "com.employeemanagement.hrdb.Employee"
  },
  "svUsernameCount" : {
    "_id" : "wm-svUsernameCount-wm.ServiceVariable-1585472810909",
    "name" : "svUsernameCount",
    "owner" : "Page",
    "category" : "wm.ServiceVariable",
    "dataBinding" : [ ],
    "type" : "com.employeemanagement.hrdb.models.query.UserNameCountResponse",
    "service" : "hrdb",
    "operation" : "executeUserNameCount",
    "operationId" : "QueryExecutionController_executeUserNameCount",
    "operationType" : "get",
    "serviceType" : "DataService",
    "dataSet" : [ ],
    "isList" : false,
    "maxResults" : 20,
    "startUpdate" : false,
    "autoUpdate" : false,
    "inFlightBehavior" : "executeLast",
    "transformationRequired" : false,
    "saveInPhonegap" : false,
    "controller" : "QueryExecution"
  }
}