{
  "employeeCountByDepartment" : {
    "name" : "employeeCountByDepartment",
    "description" : "employeeCountByDepartment",
    "version" : "V2",
    "queryString" : "SELECT COUNT(E.DEPT_ID) as EMPLOYEE_COUNT,\r\n        D.NAME AS DEPARTMENT_NAME FROM EMPLOYEE E \r\n        INNER JOIN DEPARTMENT D ON E.DEPT_ID = D.DEPT_ID\r\n        GROUP BY D.NAME",
    "countQueryString" : "select count(*) from (SELECT COUNT(E.DEPT_ID) as EMPLOYEE_COUNT,\r\n        D.NAME AS DEPARTMENT_NAME FROM EMPLOYEE E \r\n        INNER JOIN DEPARTMENT D ON E.DEPT_ID = D.DEPT_ID\r\n        GROUP BY D.NAME) wmTempTable",
    "offlineQueryString" : null,
    "nativeSql" : true,
    "fetchCount" : true,
    "type" : "SELECT",
    "parameters" : [ ],
    "request" : {
      "wrapped" : false,
      "typeRef" : null,
      "method" : "GET"
    },
    "identifiers" : [ ],
    "response" : {
      "typeRef" : "com.vacation_management.hrdbj.models.query.EmployeeCountByDepartmentResponse",
      "returns" : "CUSTOM",
      "responseType" : "PAGINATED",
      "properties" : [ {
        "name" : "EMPLOYEE_COUNT",
        "fieldName" : "employeeCount",
        "optional" : false,
        "fieldType" : {
          "type" : "PRIMITIVE",
          "typeRef" : "java.lang.Long",
          "list" : false
        }
      }, {
        "name" : "DEPARTMENT_NAME",
        "fieldName" : "departmentName",
        "optional" : false,
        "fieldType" : {
          "type" : "PRIMITIVE",
          "typeRef" : "java.lang.String",
          "list" : false
        }
      } ]
    }
  },
  "updateEmployeeLeaveBalance" : {
    "name" : "updateEmployeeLeaveBalance",
    "description" : "updateEmployeeLeaveBalance",
    "version" : "V2",
    "queryString" : "UPDATE EMPLOYEE SET REMAINING_LEAVES=:newLeaveBal WHERE EMP_ID=:empId",
    "countQueryString" : null,
    "offlineQueryString" : null,
    "nativeSql" : true,
    "fetchCount" : false,
    "type" : "UPDATE",
    "parameters" : [ {
      "name" : "newLeaveBal",
      "type" : "integer",
      "list" : false,
      "variableType" : "PROMPT",
      "variableName" : "",
      "testValue" : "111",
      "required" : true
    }, {
      "name" : "empId",
      "type" : "integer",
      "list" : false,
      "variableType" : "PROMPT",
      "variableName" : "",
      "testValue" : "111",
      "required" : true
    } ],
    "request" : {
      "wrapped" : true,
      "typeRef" : "com.vacation_management.hrdbj.models.query.UpdateEmployeeLeaveBalanceRequest",
      "method" : "PUT"
    },
    "identifiers" : [ ],
    "response" : {
      "typeRef" : "java.lang.Integer",
      "returns" : "ENTITY",
      "responseType" : "SINGLE"
    }
  },
  "updateVacationStatus" : {
    "name" : "updateVacationStatus",
    "description" : "updateVacationStatus",
    "version" : "V2",
    "queryString" : "UPDATE VACATION SET STATUS = :vacationStatus WHERE ID = :vacationID",
    "countQueryString" : null,
    "offlineQueryString" : null,
    "nativeSql" : true,
    "fetchCount" : false,
    "type" : "UPDATE",
    "parameters" : [ {
      "name" : "vacationStatus",
      "type" : "string",
      "list" : false,
      "variableType" : "PROMPT",
      "variableName" : "",
      "testValue" : "Approved",
      "required" : true
    }, {
      "name" : "vacationID",
      "type" : "string",
      "list" : false,
      "variableType" : "PROMPT",
      "variableName" : "",
      "testValue" : "1",
      "required" : true
    } ],
    "request" : {
      "wrapped" : true,
      "typeRef" : "com.vacation_management.hrdbj.models.query.UpdateVacationStatusRequest",
      "method" : "PUT"
    },
    "identifiers" : [ ],
    "response" : {
      "typeRef" : "java.lang.Integer",
      "returns" : "ENTITY",
      "responseType" : "SINGLE"
    }
  }
}
