{
  "enforceSecurity" : true,
  "loginConfig" : {
    "type" : "PAGE",
    "pageName" : "Login",
    "sessionTimeout" : {
      "type" : "DIALOG",
      "pageName" : null,
      "timeoutValue" : 30
    }
  },
  "rememberMeConfig" : {
    "enabled" : true,
    "tokenValiditySeconds" : 1296000
  },
  "tokenAuthConfig" : {
    "enabled" : true,
    "parameter" : "WM_AUTH_TOKEN",
    "tokenValiditySeconds" : 1800
  },
  "csrfConfig" : {
    "enforceCsrfSecurity" : true,
    "headerName" : "X-WM-XSRF-TOKEN"
  },
  "authProviders" : {
    "DEMO" : {
      "enabled" : false,
      "users" : [ {
        "userid" : "user",
        "password" : "user",
        "roles" : [ "user" ]
      }, {
        "userid" : "admin",
        "password" : "admin",
        "roles" : [ "admin" ]
      } ],
      "type" : "DEMO"
    },
    "DATABASE" : {
      "enabled" : true,
      "modelName" : "HRDBJ",
      "entityName" : "Employee",
      "tableName" : "EMPLOYEE",
      "unamePropertyName" : "username",
      "unameColumnName" : "USERNAME",
      "uidPropertyName" : "empId",
      "uidColumnName" : "EMP_ID",
      "pwPropertyName" : "password",
      "pwColumnName" : "PASSWORD",
      "rolePropertyName" : "role",
      "roleColumnName" : "ROLE",
      "useRolesQuery" : false,
      "rolesByUsernameQuery" : "",
      "tenantIdField" : null,
      "defTenantId" : 0,
      "tenantIdPropertyName" : null,
      "queryType" : "HQL",
      "type" : "DATABASE"
    }
  }
}
