<?xml version="1.0" encoding="utf-8"?>
<!DOCTYPE hibernate-mapping PUBLIC "-//Hibernate/Hibernate Mapping DTD 3.0//EN"
        "http://www.hibernate.org/dtd/hibernate-mapping-3.0.dtd">
<hibernate-mapping>
    <sql-query name="employeeCountByDepartment">
        <![CDATA[
        SELECT COUNT(E.DEPT_ID) as EMPLOYEE_COUNT,
        D.NAME AS DEPARTMENT_NAME FROM EMPLOYEE E 
        INNER JOIN DEPARTMENT D ON E.DEPT_ID = D.DEPT_ID
        GROUP BY D.NAME
        ]]>
    </sql-query>

    <sql-query name="employeeCountByDepartment__count">
        <![CDATA[
        select count(*) from (SELECT COUNT(E.DEPT_ID) as EMPLOYEE_COUNT,
        D.NAME AS DEPARTMENT_NAME FROM EMPLOYEE E 
        INNER JOIN DEPARTMENT D ON E.DEPT_ID = D.DEPT_ID
        GROUP BY D.NAME) wmTempTable
        ]]>
    </sql-query>

    <sql-query name="updateEmployeeLeaveBalance">
        <![CDATA[
        UPDATE EMPLOYEE SET REMAINING_LEAVES=:newLeaveBal WHERE EMP_ID=:empId
        ]]>
    <query-param name="newLeaveBal" type="java.lang.Integer"/>
    <query-param name="empId" type="java.lang.Integer"/>
    </sql-query>

    <sql-query name="updateVacationStatus">
        <![CDATA[
        UPDATE VACATION SET STATUS = :vacationStatus WHERE ID = :vacationID
        ]]>
    <query-param name="vacationStatus" type="java.lang.String"/>
    <query-param name="vacationID" type="java.lang.String"/>
    </sql-query>
</hibernate-mapping>
