<?xml version="1.0" encoding="utf-8"?>
<!--
      This is a Studio Managed File. DO NOT EDIT THIS FILE. Your changes may be reverted by Studio.
      Use project-user-spring.xml for adding new beans or overriding existing beans.
    -->
<beans xmlns="http://www.springframework.org/schema/beans"
       xmlns:context="http://www.springframework.org/schema/context"
       xmlns:xsi="http://www.w3.org/2001/XMLSchema-instance" xmlns:tx="http://www.springframework.org/schema/tx"
       xsi:schemaLocation="http://www.springframework.org/schema/beans http://www.springframework.org/schema/beans/spring-beans.xsd   http://www.springframework.org/schema/context http://www.springframework.org/schema/context/spring-context.xsd http://www.springframework.org/schema/tx http://www.springframework.org/schema/tx/spring-tx.xsd">

    <context:component-scan base-package="com.vacation_management.hrdbj.controller,com.vacation_management.hrdbj.service,com.vacation_management.hrdbj.dao"/>
    <bean class="com.wavemaker.runtime.data.spring.WMPropertyPlaceholderConfigurer">
        <property name="locations">
            <list>
                <value>
                    classpath:HRDBJ.properties
                </value>
            </list>
        </property>
        <property name="ignoreUnresolvablePlaceholders" value="true"/>
        <property name="systemPropertiesModeName" value="SYSTEM_PROPERTIES_MODE_OVERRIDE"/>
        <property name="searchSystemEnvironment" value="true"/>
    </bean>

    <bean id="HRDBJHikariConfig" class="com.zaxxer.hikari.HikariConfig">
        <property name="jdbcUrl" value="${HRDBJ.url}"/>
        <property name="driverClassName" value="${HRDBJ.driverClass}"/>
        <property name="username" value="${HRDBJ.username}"/>
        <property name="password" value="${HRDBJ.password}"/>
        <property name="maximumPoolSize" value="${HRDBJ.maxPoolSize}"/>
        <property name="minimumIdle" value="${HRDBJ.minPoolSize}"/>
        <property name="connectionTimeout" value="30000" />
        <property name="validationTimeout" value="5000" />
        <property name="idleTimeout" value="600000" />
        <property name="maxLifetime" value="1800000" />
        <property name="initializationFailTimeout" value="-1" />
        <property name="leakDetectionThreshold" value="120000" />
        <property name="registerMbeans" value="false" />
    </bean>

    <bean id="HRDBJWMManagedDataSource" class="com.zaxxer.hikari.HikariDataSource" destroy-method="close" lazy-init="true">
        <constructor-arg ref="HRDBJHikariConfig"/>
    </bean>

    <bean id="HRDBJEntityInterceptor" class="com.wavemaker.runtime.data.interceptors.WMEntityInterceptor"/>

    <bean id="HRDBJSessionFactory" class="org.springframework.orm.hibernate5.LocalSessionFactoryBean">
        <property name="dataSource" ref="HRDBJDataSource"/>
        <property name="packagesToScan" value="com.vacation_management.hrdbj"/>
        <property name="entityInterceptor" ref="HRDBJEntityInterceptor"/>
        <property name="entityTypeFilters" ref="nonHistoryEntitiesFilter"/>
        <property name="mappingResources">
            <list>
                <value>
                HRDBJ-queries.hbm.xml
                </value>
            </list>
        </property>

        <property name="hibernateProperties" ref="HRDBJHibernateProperties"/>
    </bean>
    <bean id="HRDBJTransactionManager" class="org.springframework.orm.hibernate5.HibernateTransactionManager">
        <property name="sessionFactory" ref="HRDBJSessionFactory"/>
        <property name="defaultTimeout" value="${HRDBJ.transactionTimeout}"/>
    </bean>
    <bean id="HRDBJTemplate" class="org.springframework.orm.hibernate5.HibernateTemplate">
        <property name="sessionFactory" ref="HRDBJSessionFactory"/>
    </bean>
    
    <bean id="HRDBJWMQLTypeHelper" class="com.wavemaker.runtime.data.dao.query.types.wmql.WMQLDefaultTypeHelper" lazy-init="false" />
    
    <bean id="HRDBJWMQueryExecutor" class="com.wavemaker.runtime.data.dao.query.WMQueryExecutorImpl">
        <property name="template" ref="HRDBJTemplate"/>
    </bean>
    <bean id="HRDBJWMProcedureExecutor" class="com.wavemaker.runtime.data.dao.procedure.WMProcedureExecutorImpl">
        <property name="template" ref="HRDBJTemplate"/>
        <property name="serviceId" value="HRDBJ"/>
    </bean>

    <bean id="HRDBJHibernateProperties" class="org.springframework.beans.factory.config.PropertiesFactoryBean">
        <property name="properties">
            <props>
                <prop key="hibernate.dialect">
                ${HRDBJ.dialect}
                </prop>
                <prop key="hibernate.show_sql">
                    false
                </prop>
                <prop key="hibernate.globally_quoted_identifiers">
                    false
                </prop>
                <prop key="hibernate.hbm2ddl.auto">
                ${HRDBJ.hbm2ddl}
                </prop>
                <prop key="hibernate.temp.use_jdbc_metadata_defaults">
                    false
                </prop>
                <prop key="hibernate.schema_update.unique_constraint_strategy">
                    skip
                </prop>
            </props>
        </property>
    </bean>

    <bean id="HRDBJPageableHandlerMethodResolver" class="com.wavemaker.runtime.resolver.WMPageableHandlerMethodArgumentResolver" >
        <property name="pageParameterName" value="page"/>
        <property name="sizeParameterName" value="size"/>
        <property name="oneIndexedParameters" value="true"/>
        <property name="maxPageSize" value="${HRDBJ.maxPageSize}"/>
        <property name="fallbackPageable">
            <bean  class="org.springframework.data.domain.PageRequest">
                <constructor-arg  value="0"/>
                <constructor-arg  value="20"/>
            </bean>
        </property>
    </bean>

    <bean id="HRDBJDataSource" class="com.wavemaker.runtime.data.datasource.WMDataSource">
        <property name="dataSourceType" value="${HRDBJ.dataSourceType}"/>
        <property name="jndiName" value="${HRDBJ.jndiName}"/>
        <property name="serviceId" value="HRDBJ"/>
    </bean>


    <tx:annotation-driven/>

</beans>

